INSERT INTO ROLE(ID,STATUS,NAME) VALUES(1, 'ACTIVE', 'ADMIN');
INSERT INTO ROLE(ID,STATUS,NAME) VALUES(2, 'ACTIVE', 'STAFF');
INSERT INTO _USER (staff_code, username, password, first_name, last_name, date_of_birth, joined_date, gender, location, status, role_id, is_change_password, created_on, created_by, updated_on, updated_by) VALUES('SD0001', 'nhatt1', '$2a$12$GA9AVEzJgfLCvz9Rpp4Alel3/ih7foqs4p.Y5mjcMSUOK3tYJsBpG', 'Nhat', 'Tran', '2001-12-15', '2024-06-19', 'MALE', 'HCM', 'ACTIVE', 1, true, '2024-06-19 10:12:31.599', NULL, '2024-06-19 10:12:31.644', NULL);
INSERT INTO _USER (staff_code, username, password, first_name, last_name, date_of_birth, joined_date, gender, location, status, role_id, is_change_password, created_on, created_by, updated_on, updated_by) VALUES('SD0006', 'nhatt123', '$2a$10$zH8XJMldn0iyDCbjKiCtO.LXC1.ffHnD3FYfmC5qmsef/8z7gnNGi', 'Nhat', 'Tran', '2000-01-01', '2024-06-19', 'MALE', 'HCM', 'ACTIVE', 1, false, '2024-06-19 10:13:03.922', 1, '2024-06-19 10:13:03.930', 1);
INSERT INTO _USER (staff_code, username, password, first_name, last_name, date_of_birth, joined_date, gender, location, status, role_id, is_change_password, created_on, created_by, updated_on, updated_by) VALUES('SD0035', 'nhatt10', '$2a$10$MEowqD.J.KthDSN0v8LgYuTle576FfLcPzoM3lSzjA5jbIHzwHgDO', 'Nhat', 'Tran', '2000-01-01', '2020-01-01', 'MALE', 'HCM', 'ACTIVE', 1, false, '2024-06-24 12:51:15.573', 1, '2024-06-24 12:51:15.588', 1);
INSERT INTO _USER (staff_code, username, password, first_name, last_name, date_of_birth, joined_date, gender, location, status, role_id, is_change_password, created_on, created_by, updated_on, updated_by) VALUES('BPS0036', 'nhatt11', '$2a$12$3T8Ks5Hx9gdWdNAIKQLNn.P2tjdXrjxCTh.jejGduZvzUnAUbJzlK', 'Nhat', 'Tran', '2000-01-01', '2020-01-01', 'MALE', 'HCM', 'INACTIVE', 2, false, '2024-06-26 10:29:28.550', 1, '2024-07-05 11:37:15.170', 1);
INSERT INTO _USER (staff_code, username, password, first_name, last_name, date_of_birth, joined_date, gender, location, status, role_id, is_change_password, created_on, created_by, updated_on, updated_by) VALUES('SD0037', 'nhatt12', '$2a$10$tP8RzLT.yW7kg6909CxY2OEfsGVdpL3cO9Lf9PKx7Hq1Aw.qr6LwC', 'Nhat', 'Tran', '1900-01-01', '2020-01-01', 'MALE', 'HCM', 'ACTIVE', 2, false, '2024-06-27 15:49:11.996', 1, '2024-06-27 15:49:12.065', 1);
INSERT INTO _USER (staff_code, username, password, first_name, last_name, date_of_birth, joined_date, gender, location, status, role_id, is_change_password, created_on, created_by, updated_on, updated_by) VALUES('SD0049', 'nhatt13', '$2a$10$.Sa9vZXzyJMFgRLsWw6J9ej.No38h1eKl44aJTjoqRqumag8ddQvK', 'Nhat', 'Tran', '2000-01-01', '2020-01-01', 'MALE', 'HCM', 'ACTIVE', 2, false, '2024-07-05 11:11:29.732', 1, '2024-07-05 11:11:29.750', 1);
INSERT INTO _USER (staff_code, username, password, first_name, last_name, date_of_birth, joined_date, gender, location, status, role_id, is_change_password, created_on, created_by, updated_on, updated_by) VALUES('SD0050', 'nhatt14', '$2a$10$V.XipUrFQb9hMAqDEmHuaubgwGicpmau20.EuQZYTD4zPAwTplWX2', 'Nhat', 'Tran', '2000-01-01', '2024-01-01', 'MALE', 'HCM', 'ACTIVE', 2, false, '2024-07-05 11:13:15.800', 1, '2024-07-05 11:13:15.809', 1);
INSERT INTO _USER (staff_code, username, password, first_name, last_name, date_of_birth, joined_date, gender, location, status, role_id, is_change_password, created_on, created_by, updated_on, updated_by) VALUES('SD0009', 'nhatt2', '$2a$10$zjTRU0dzl3Xw6yHXQMG29eLZAb15tDnYqTg3VD3W7WqT9R2olRXJK', 'Nhat', 'Tran', '2000-01-01', '2024-06-21', 'MALE', 'HCM', 'ACTIVE', 2, false, '2024-06-19 10:42:51.375', 1, '2024-06-19 10:42:51.380', 1);
INSERT INTO _USER (staff_code, username, password, first_name, last_name, date_of_birth, joined_date, gender, location, status, role_id, is_change_password, created_on, created_by, updated_on, updated_by) VALUES('SD0024', 'nhatt3', '$2a$10$E0EKrh5SkPCGkogMKBIwb.e4UqSlTJyqEoPnlP9lb8.Nfx1ezSFcS', 'Nhat', 'Tran', '2000-01-01', '2001-01-01', 'MALE', 'HCM', 'ACTIVE', 2, false, '2024-06-19 11:44:57.482', 1, '2024-06-21 11:35:47.101', 1);
INSERT INTO _USER (staff_code, username, password, first_name, last_name, date_of_birth, joined_date, gender, location, status, role_id, is_change_password, created_on, created_by, updated_on, updated_by) VALUES('SD0026', 'nhatt4', '$2a$10$IORWK7Y80qflBQANlddgi.CYcWmeiIxVVN6b.EjHRybdwLK6iZjOS', 'Nhat', 'Tran', '2000-06-13', '2020-01-01', 'FEMALE', 'HCM', 'ACTIVE', 2, false, '2024-06-19 11:50:33.708', 1, '2024-06-19 11:50:33.712', 1);
INSERT INTO _USER (staff_code, username, password, first_name, last_name, date_of_birth, joined_date, gender, location, status, role_id, is_change_password, created_on, created_by, updated_on, updated_by) VALUES('SD0030', 'nhatt5', '$2a$10$Z9GsUkpsD9545qIzKR3g1uU4fnRuRyeQdptuVKxQSjdnBixryVXli', 'Nhat', 'Tran', '2000-01-01', '2020-02-10', 'MALE', 'HCM', 'ACTIVE', 2, false, '2024-06-20 10:17:41.394', 1, '2024-06-20 10:17:41.527', 1);
INSERT INTO _USER (staff_code, username, password, first_name, last_name, date_of_birth, joined_date, gender, location, status, role_id, is_change_password, created_on, created_by, updated_on, updated_by) VALUES('SD0031', 'nhatt6', '$2a$10$9XBTpr6bu//6Tizkdrc0g.oHpjNzoiH8udeXxpeT2OR0pf3.Jm/6u', 'Nhat', 'Tran', '2000-01-01', '2024-06-20', 'MALE', 'HCM', 'ACTIVE', 1, false, '2024-06-20 17:49:14.828', 1, '2024-06-20 17:49:14.879', 1);
INSERT INTO _USER (staff_code, username, password, first_name, last_name, date_of_birth, joined_date, gender, location, status, role_id, is_change_password, created_on, created_by, updated_on, updated_by) VALUES('SD0032', 'nhatt7', '$2a$10$Gpp3931YORq76BP6NakcdeFThp25gI4drL1WtRjCLz9OZ6z3Bdai.', 'Nhat', 'Tran', '2000-01-01', '2020-01-01', 'MALE', 'HCM', 'ACTIVE', 1, false, '2024-06-20 17:54:44.714', 1, '2024-06-20 17:54:44.720', 1);
INSERT INTO _USER (staff_code, username, password, first_name, last_name, date_of_birth, joined_date, gender, location, status, role_id, is_change_password, created_on, created_by, updated_on, updated_by) VALUES('BPS0033', 'nhatt8', '$2a$10$sVKHbO/glpSbnc.A82ttFOhrCReAEbzOcQFWcZPWwr4ywfmnFRM1W', 'Nhat', 'Tran', '2000-01-01', '2024-06-24', 'MALE', 'HN', 'ACTIVE', 1, false, '2024-06-24 09:11:45.432', 1, '2024-06-24 09:11:45.460', 1);
INSERT INTO _USER (staff_code, username, password, first_name, last_name, date_of_birth, joined_date, gender, location, status, role_id, is_change_password, created_on, created_by, updated_on, updated_by) VALUES('SD0015', 'nhatt', '$2a$12$GA9AVEzJgfLCvz9Rpp4Alel3/ih7foqs4p.Y5mjcMSUOK3tYJsBpG', 'Nhat', 'Tran', '2001-12-15', '2024-06-19', 'MALE', 'HCM', 'ACTIVE', 1, true, '2024-06-19 10:12:31.599', NULL, '2024-06-19 10:12:31.644', NULL);
INSERT INTO _USER (staff_code, username, password, first_name, last_name, date_of_birth, joined_date, gender, location, status, role_id, is_change_password, created_on, created_by, updated_on, updated_by) VALUES('BPS0034', 'nhatt9', '$2a$10$nM2lhLmlGT2Tl4sXs59D4.ZxvWNXj1gw2MEBQAd..enLU2K8aDiRC', 'Nhat', 'Tran', '2000-01-01', '2020-01-01', 'FEMALE', 'HCM', 'INACTIVE', 2, false, '2024-06-24 11:06:22.334', 1, '2024-06-25 16:07:22.309', 1);
INSERT INTO _USER (staff_code, username, password, first_name, last_name, date_of_birth, joined_date, gender, location, status, role_id, is_change_password, created_on, created_by, updated_on, updated_by) VALUES('SD0022', 'ss', '$2a$10$xD8s1GxfdFNINMuJkclPJOpNcEvaeddvsYfm/tVVdE2DbsOqMX07G', 's', 's', '2000-01-01', '2020-01-01', 'FEMALE', 'HCM', 'INACTIVE', 2, false, '2024-06-19 11:39:40.551', 1, '2024-06-27 15:08:40.118', 1);
INSERT INTO _USER (staff_code, username, password, first_name, last_name, date_of_birth, joined_date, gender, location, status, role_id, is_change_password, created_on, created_by, updated_on, updated_by) VALUES('SD00010', 'thanhpt', '$2a$12$1f2w3mebk4H2rgyq.gVPBO21mhLYPdKwiof26iSvpkrEkmM6Q4TvK', 'Thanh', 'Pham', '2000-01-01', '2024-01-01', 'MALE', 'HCM', 'ACTIVE', 1, true, '2024-01-01 00:00:00.000', NULL, NULL, NULL);
INSERT INTO _USER (staff_code, username, password, first_name, last_name, date_of_birth, joined_date, gender, location, status, role_id, is_change_password, created_on, created_by, updated_on, updated_by) VALUES('SD0002', 'thanhpt1', '$2a$10$DXY4f4cxSb8u.VnlFQF1EOqc4vX7Edn4SvsybFsG.6ZTjTORD8J42', 'Thanh', 'Pham', '2000-01-01', '2024-01-01', 'MALE', 'HCM', 'ACTIVE', 1, true, '2024-01-01 00:00:00.000', 1, NULL, NULL);
INSERT INTO _USER (staff_code, username, password, first_name, last_name, date_of_birth, joined_date, gender, location, status, role_id, is_change_password, created_on, created_by, updated_on, updated_by) VALUES('SD0003', 'thanhpt2', '$2a$10$DXY4f4cxSb8u.VnlFQF1EOqc4vX7Edn4SvsybFsG.6ZTjTORD8J42', 'Thanh', 'Pham', '2000-01-01', '2024-01-01', 'MALE', 'HCM', 'ACTIVE', 1, true, '2024-01-01 00:00:00.000', 1, NULL, NULL);
INSERT INTO _USER (staff_code, username, password, first_name, last_name, date_of_birth, joined_date, gender, location, status, role_id, is_change_password, created_on, created_by, updated_on, updated_by) VALUES('SD0004', 'thanhpt3', '$2a$10$DXY4f4cxSb8u.VnlFQF1EOqc4vX7Edn4SvsybFsG.6ZTjTORD8J42', 'Thanh', 'Pham', '2000-01-01', '2024-01-01', 'MALE', 'HCM', 'ACTIVE', 1, true, '2024-01-01 00:00:00.000', 2, NULL, NULL);
INSERT INTO _USER (staff_code, username, password, first_name, last_name, date_of_birth, joined_date, gender, location, status, role_id, is_change_password, created_on, created_by, updated_on, updated_by) VALUES('SD0008', 'trann', '$2a$10$sndACuBcY8lKsxPrJYC.8O/iKHYldzgrCTRp2mtaLMxX9jecY.g9e', 'Tran', 'Nhat', '2000-01-01', '2024-06-20', 'FEMALE', 'HCM', 'ACTIVE', 2, false, '2024-06-19 10:32:09.407', 1, '2024-07-05 11:25:43.546', 1);
INSERT INTO _USER (staff_code, username, password, first_name, last_name, date_of_birth, joined_date, gender, location, status, role_id, is_change_password, created_on, created_by, updated_on, updated_by) VALUES('SD0007', 'trant', '$2a$10$zm0bBO0dZm91gkb2Vkinc.WnugXeT0QoRHokpMhana2IGL58Zuivm', 'Tran', 'Tran', '2001-12-15', '2024-06-19', 'FEMALE', 'HCM', 'ACTIVE', 2, false, '2024-06-19 10:25:34.301', 1, '2024-06-19 10:25:34.307', 1);
INSERT INTO CATEGORY (name, prefix, status, created_by, created_on, updated_by, updated_on) VALUES('iPad', 'IP', 'AVAILABLE', 1, '2024-06-24 13:24:54.354', 1, '2024-06-24 13:24:54.354');
INSERT INTO CATEGORY (name, prefix, status, created_by, created_on, updated_by, updated_on) VALUES('Tablet', 'TB', 'AVAILABLE', 1, '2024-06-24 14:51:40.697', 1, '2024-06-24 14:51:40.697');
INSERT INTO CATEGORY (name, prefix, status, created_by, created_on, updated_by, updated_on) VALUES('Monitor', 'MN', 'AVAILABLE', 1, '2024-06-24 14:52:25.434', 1, '2024-06-24 14:52:25.434');
INSERT INTO CATEGORY (name, prefix, status, created_by, created_on, updated_by, updated_on) VALUES('Personal Computer', 'PC', 'AVAILABLE', 1, '2024-06-24 13:24:54.354', 1, '2024-06-24 13:24:54.354');
INSERT INTO CATEGORY (name, prefix, status, created_by, created_on, updated_by, updated_on) VALUES('Laptop', 'LP', 'AVAILABLE', 1, '2024-06-24 13:24:54.354', 1, '2024-06-24 13:24:54.354');
INSERT INTO CATEGORY (name, prefix, status, created_by, created_on, updated_by, updated_on) VALUES('Bluetooth Mouse', 'BM', 'AVAILABLE', 1, '2024-06-24 13:24:54.354', 1, '2024-06-24 13:24:54.354');
INSERT INTO CATEGORY (name, prefix, status, created_by, created_on, updated_by, updated_on) VALUES('Headset', 'HS', 'AVAILABLE', 1, '2024-06-24 13:24:54.354', 1, '2024-06-24 13:24:54.354');
INSERT INTO CATEGORY (name, prefix, status, created_by, created_on, updated_by, updated_on) VALUES('iPhone', 'IN', 'AVAILABLE', 1, '2024-06-24 13:24:54.354', 1, '2024-06-24 13:24:54.354');
INSERT INTO CATEGORY (name, prefix, status, created_by, created_on, updated_by, updated_on) VALUES('Mobile', 'MB', 'AVAILABLE', 1, '2024-06-24 13:24:54.354', 1, '2024-06-24 13:24:54.354');
INSERT INTO CATEGORY (name, prefix, status, created_by, created_on, updated_by, updated_on) VALUES('Samsung', 'AS', 'ACTIVE', 1, '2024-06-28 10:56:59.807', NULL, NULL);
INSERT INTO CATEGORY (name, prefix, status, created_by, created_on, updated_by, updated_on) VALUES('Notepad', 'A1', 'ACTIVE', 15, '2024-07-02 10:07:04.249', NULL, NULL);
INSERT INTO CATEGORY (name, prefix, status, created_by, created_on, updated_by, updated_on) VALUES('Car', 'CR', 'AVAILABLE', 1, '2024-06-24 13:24:54.354', 1, '2024-06-24 13:24:54.354');
INSERT INTO ASSET (asset_code, name, category_id, installed_date, specification, status, location, created_by, created_on, updated_by, updated_on) VALUES('PC000001', 'Personal Computer', 4, '2024-06-26', 'A PC is a versatile device with a CPU, memory, storage, and I/O components, enabling tasks like word processing, web browsing, gaming, and more. It revolutionizes work, communication, and entertainment, empowering users with its customizable OS options.', 'AVAILABLE', 'HCM', 15, '2024-06-26 10:16:28.015', 1, '2024-07-01 09:55:35.803');
INSERT INTO ASSET (asset_code, name, category_id, installed_date, specification, status, location, created_by, created_on, updated_by, updated_on) VALUES('PC000002', 'Personal Computer', 4, '2024-06-26', 'Personal ComputerPersonal ComputerPersonal ComputerPersonal Computer', 'ASSIGNED', 'HCM', 15, '2024-06-26 10:16:28.453', NULL, NULL);
INSERT INTO ASSET (asset_code, name, category_id, installed_date, specification, status, location, created_by, created_on, updated_by, updated_on) VALUES('PC000003', 'Personal Computer', 4, '2024-06-26', 'Personal ComputerPersonal ComputerPersonal ComputerPersonal Computer', 'ASSIGNED', 'HCM', 15, '2024-06-26 10:16:28.589', NULL, NULL);
INSERT INTO ASSET (asset_code, name, category_id, installed_date, specification, status, location, created_by, created_on, updated_by, updated_on) VALUES('PC000004', 'Personal Computer', 4, '2024-06-26', 'Personal ComputerPersonal ComputerPersonal ComputerPersonal Computer', 'ASSIGNED', 'HCM', 15, '2024-06-26 10:16:28.756', NULL, NULL);
INSERT INTO ASSET (asset_code, name, category_id, installed_date, specification, status, location, created_by, created_on, updated_by, updated_on) VALUES('LP000048', 'HP NoteBook', 5, '2024-06-26', 'HP NoteBook is elegant', 'NOT_AVAILABLE', 'HCM', 15, '2024-06-26 12:53:36.114', NULL, NULL);
INSERT INTO ASSET (asset_code, name, category_id, installed_date, specification, status, location, created_by, created_on, updated_by, updated_on) VALUES('PC000005', 'Personal Computer', 4, '2024-06-26', 'Personal ComputerPersonal ComputerPersonal ComputerPersonal Computer', 'AVAILABLE', 'HCM', 15, '2024-06-26 10:16:28.957', NULL, NULL);
INSERT INTO ASSET (asset_code, name, category_id, installed_date, specification, status, location, created_by, created_on, updated_by, updated_on) VALUES('PC000006', 'Personal Computer', 4, '2024-06-26', 'Personal ComputerPersonal ComputerPersonal ComputerPersonal Computer', 'AVAILABLE', 'HCM', 15, '2024-06-26 10:16:29.659', NULL, NULL);
INSERT INTO ASSET (asset_code, name, category_id, installed_date, specification, status, location, created_by, created_on, updated_by, updated_on) VALUES('PC000007', 'Personal Computer', 4, '2024-06-26', 'Personal ComputerPersonal ComputerPersonal ComputerPersonal Computer', 'AVAILABLE', 'HCM', 15, '2024-06-26 10:16:29.840', NULL, NULL);
INSERT INTO ASSET (asset_code, name, category_id, installed_date, specification, status, location, created_by, created_on, updated_by, updated_on) VALUES('PC000008', 'Personal Computer', 4, '2024-06-26', 'Personal ComputerPersonal ComputerPersonal ComputerPersonal Computer', 'AVAILABLE', 'HCM', 1, '2024-06-26 10:16:29.992', NULL, NULL);
INSERT INTO ASSET (asset_code, name, category_id, installed_date, specification, status, location, created_by, created_on, updated_by, updated_on) VALUES('PC000009', 'Personal Computer', 4, '2024-06-26', 'Personal ComputerPersonal ComputerPersonal ComputerPersonal Computer', 'AVAILABLE', 'HCM', 1, '2024-06-26 10:16:30.135', 15, '2024-07-03 17:23:43.393');
INSERT INTO ASSET (asset_code, name, category_id, installed_date, specification, status, location, created_by, created_on, updated_by, updated_on) VALUES('PC000010', 'Personal Computer', 4, '2024-06-26', 'Personal ComputerPersonal ComputerPersonal ComputerPersonal Computer', 'AVAILABLE', 'HCM', 1, '2024-06-26 10:16:30.258', NULL, NULL);
INSERT INTO ASSET (asset_code, name, category_id, installed_date, specification, status, location, created_by, created_on, updated_by, updated_on) VALUES('PC000011', 'Personal Computer', 4, '2024-06-26', 'Personal ComputerPersonal ComputerPersonal ComputerPersonal Computer', 'AVAILABLE', 'HCM', 1, '2024-06-26 10:16:30.522', NULL, NULL);
INSERT INTO ASSET (asset_code, name, category_id, installed_date, specification, status, location, created_by, created_on, updated_by, updated_on) VALUES('PC000012', 'Personal Computer', 4, '2024-06-26', 'Personal ComputerPersonal ComputerPersonal ComputerPersonal Computer', 'AVAILABLE', 'HCM', 1, '2024-06-26 10:16:30.745', NULL, NULL);
INSERT INTO ASSET (asset_code, name, category_id, installed_date, specification, status, location, created_by, created_on, updated_by, updated_on) VALUES('PC000013', 'Personal Computer', 4, '2024-06-26', 'Personal ComputerPersonal ComputerPersonal ComputerPersonal Computer', 'AVAILABLE', 'HCM', 1, '2024-06-26 10:16:30.972', NULL, NULL);
INSERT INTO ASSET (asset_code, name, category_id, installed_date, specification, status, location, created_by, created_on, updated_by, updated_on) VALUES('PC000014', 'Personal Computer', 4, '2024-06-26', 'Personal ComputerPersonal ComputerPersonal ComputerPersonal Computer', 'AVAILABLE', 'HCM', 1, '2024-06-26 10:16:31.105', NULL, NULL);
INSERT INTO ASSET (asset_code, name, category_id, installed_date, specification, status, location, created_by, created_on, updated_by, updated_on) VALUES('PC000015', 'Personal Computer', 4, '2024-06-26', 'Personal ComputerPersonal ComputerPersonal ComputerPersonal Computer', 'AVAILABLE', 'HCM', 1, '2024-06-26 10:16:31.271', NULL, NULL);
INSERT INTO ASSET (asset_code, name, category_id, installed_date, specification, status, location, created_by, created_on, updated_by, updated_on) VALUES('PC000016', 'Personal Computer', 4, '2024-06-26', 'Personal ComputerPersonal ComputerPersonal ComputerPersonal Computer', 'AVAILABLE', 'HCM', 1, '2024-06-26 10:16:31.394', NULL, NULL);
INSERT INTO ASSET (asset_code, name, category_id, installed_date, specification, status, location, created_by, created_on, updated_by, updated_on) VALUES('LP000018', 'Laptop HP Probook 450 G1', 5, '2024-06-26', 'Laptop HP Probook 450 G1Laptop HP Probook 450 G1Laptop HP Probook 450 G1Laptop HP Probook 450 G1Laptop HP Probook 450 G1', 'AVAILABLE', 'HCM', 1, '2024-06-26 10:17:14.107', NULL, NULL);
INSERT INTO ASSET (asset_code, name, category_id, installed_date, specification, status, location, created_by, created_on, updated_by, updated_on) VALUES('LP000019', 'Laptop HP Probook 450 G1', 5, '2024-06-26', 'Laptop HP Probook 450 G1Laptop HP Probook 450 G1Laptop HP Probook 450 G1Laptop HP Probook 450 G1Laptop HP Probook 450 G1', 'AVAILABLE', 'HCM', 1, '2024-06-26 10:17:14.249', NULL, NULL);
INSERT INTO ASSET (asset_code, name, category_id, installed_date, specification, status, location, created_by, created_on, updated_by, updated_on) VALUES('LP000017', 'Laptop HP Probook 450 G1', 5, '2024-06-26', 'Laptop HP Probook 450 G1Laptop HP Probook 450 G1Laptop HP Probook 450 G1Laptop HP Probook 450 G1Laptop HP Probook 450 G1', 'NOT_AVAILABLE', 'HCM', 1, '2024-06-26 10:17:13.957', 1, '2024-06-26 12:30:19.542');
INSERT INTO ASSET (asset_code, name, category_id, installed_date, specification, status, location, created_by, created_on, updated_by, updated_on) VALUES('LP000020', 'Laptop HP Probook 450 G1', 5, '2024-06-26', 'Laptop HP Probook 450 G1Laptop HP Probook 450 G1Laptop HP Probook 450 G1Laptop HP Probook 450 G1Laptop HP Probook 450 G1', 'AVAILABLE', 'HCM', 1, '2024-06-26 10:17:14.395', NULL, NULL);
INSERT INTO ASSET (asset_code, name, category_id, installed_date, specification, status, location, created_by, created_on, updated_by, updated_on) VALUES('LP000021', 'Laptop HP Probook 450 G1', 5, '2024-06-26', 'Laptop HP Probook 450 G1Laptop HP Probook 450 G1Laptop HP Probook 450 G1Laptop HP Probook 450 G1Laptop HP Probook 450 G1', 'AVAILABLE', 'HCM', 1, '2024-06-26 10:17:14.531', NULL, NULL);
INSERT INTO ASSET (asset_code, name, category_id, installed_date, specification, status, location, created_by, created_on, updated_by, updated_on) VALUES('LP000022', 'Laptop HP Probook 450 G1', 5, '2024-06-26', 'Laptop HP Probook 450 G1Laptop HP Probook 450 G1Laptop HP Probook 450 G1Laptop HP Probook 450 G1Laptop HP Probook 450 G1', 'AVAILABLE', 'HCM', 1, '2024-06-26 10:17:14.674', NULL, NULL);
INSERT INTO ASSET (asset_code, name, category_id, installed_date, specification, status, location, created_by, created_on, updated_by, updated_on) VALUES('LP000023', 'Laptop HP Probook 450 G1', 5, '2024-06-26', 'Laptop HP Probook 450 G1Laptop HP Probook 450 G1Laptop HP Probook 450 G1Laptop HP Probook 450 G1Laptop HP Probook 450 G1', 'AVAILABLE', 'HCM', 1, '2024-06-26 10:17:14.807', NULL, NULL);
INSERT INTO ASSET (asset_code, name, category_id, installed_date, specification, status, location, created_by, created_on, updated_by, updated_on) VALUES('LP000024', 'Laptop HP Probook 450 G1', 5, '2024-06-26', 'Laptop HP Probook 450 G1Laptop HP Probook 450 G1Laptop HP Probook 450 G1Laptop HP Probook 450 G1Laptop HP Probook 450 G1', 'AVAILABLE', 'HCM', 15, '2024-06-26 10:17:14.950', NULL, NULL);
INSERT INTO ASSET (asset_code, name, category_id, installed_date, specification, status, location, created_by, created_on, updated_by, updated_on) VALUES('LP000025', 'Laptop HP Probook 450 G1', 5, '2024-06-26', 'Laptop HP Probook 450 G1Laptop HP Probook 450 G1Laptop HP Probook 450 G1Laptop HP Probook 450 G1Laptop HP Probook 450 G1', 'AVAILABLE', 'HCM', 15, '2024-06-26 10:17:15.101', NULL, NULL);
INSERT INTO ASSET (asset_code, name, category_id, installed_date, specification, status, location, created_by, created_on, updated_by, updated_on) VALUES('LP000027', 'Laptop HP Probook 450 G1', 5, '2024-06-26', 'Laptop HP Probook 450 G1Laptop HP Probook 450 G1Laptop HP Probook 450 G1Laptop HP Probook 450 G1Laptop HP Probook 450 G1', 'AVAILABLE', 'HCM', 15, '2024-06-26 10:17:15.517', NULL, NULL);
INSERT INTO ASSET (asset_code, name, category_id, installed_date, specification, status, location, created_by, created_on, updated_by, updated_on) VALUES('MN000030', 'Monitor Dell UltraSharp', 3, '2024-06-26', 'Monitor Dell UltraSharpMonitor Dell UltraSharpMonitor Dell UltraSharpMonitor Dell UltraSharpMonitor Dell UltraSharpMonitor Dell UltraSharp', 'WAITING_FOR_RECYCLING', 'HCM', 15, '2024-06-26 10:17:40.971', 1, '2024-06-26 12:55:45.929');
INSERT INTO ASSET (asset_code, name, category_id, installed_date, specification, status, location, created_by, created_on, updated_by, updated_on) VALUES('MN000031', 'Monitor Dell UltraSharp', 3, '2024-06-26', 'Monitor Dell UltraSharpMonitor Dell UltraSharpMonitor Dell UltraSharpMonitor Dell UltraSharpMonitor Dell UltraSharpMonitor Dell UltraSharp', 'AVAILABLE', 'HCM', 15, '2024-06-26 10:17:41.103', NULL, NULL);
INSERT INTO ASSET (asset_code, name, category_id, installed_date, specification, status, location, created_by, created_on, updated_by, updated_on) VALUES('MN000032', 'Monitor Dell UltraSharp', 3, '2024-06-26', 'Monitor Dell UltraSharpMonitor Dell UltraSharpMonitor Dell UltraSharpMonitor Dell UltraSharpMonitor Dell UltraSharpMonitor Dell UltraSharp', 'AVAILABLE', 'HCM', 15, '2024-06-26 10:17:41.264', NULL, NULL);
INSERT INTO ASSET (asset_code, name, category_id, installed_date, specification, status, location, created_by, created_on, updated_by, updated_on) VALUES('MN000033', 'Monitor Dell UltraSharp', 3, '2024-06-26', 'Monitor Dell UltraSharpMonitor Dell UltraSharpMonitor Dell UltraSharpMonitor Dell UltraSharpMonitor Dell UltraSharpMonitor Dell UltraSharp', 'AVAILABLE', 'HCM', 15, '2024-06-26 10:17:41.417', NULL, NULL);
INSERT INTO ASSET (asset_code, name, category_id, installed_date, specification, status, location, created_by, created_on, updated_by, updated_on) VALUES('MN000034', 'Monitor Dell UltraSharp', 3, '2024-06-26', 'Monitor Dell UltraSharpMonitor Dell UltraSharpMonitor Dell UltraSharpMonitor Dell UltraSharpMonitor Dell UltraSharpMonitor Dell UltraSharp', 'AVAILABLE', 'HCM', 15, '2024-06-26 10:17:41.552', NULL, NULL);
INSERT INTO ASSET (asset_code, name, category_id, installed_date, specification, status, location, created_by, created_on, updated_by, updated_on) VALUES('MN000035', 'Monitor Dell UltraSharp', 3, '2024-06-26', 'Monitor Dell UltraSharpMonitor Dell UltraSharpMonitor Dell UltraSharpMonitor Dell UltraSharpMonitor Dell UltraSharpMonitor Dell UltraSharp', 'AVAILABLE', 'HCM', 15, '2024-06-26 10:17:41.701', NULL, NULL);
INSERT INTO ASSET (asset_code, name, category_id, installed_date, specification, status, location, created_by, created_on, updated_by, updated_on) VALUES('MN000036', 'Monitor Dell UltraSharp', 3, '2024-06-26', 'Monitor Dell UltraSharpMonitor Dell UltraSharpMonitor Dell UltraSharpMonitor Dell UltraSharpMonitor Dell UltraSharpMonitor Dell UltraSharp', 'AVAILABLE', 'HCM', 15, '2024-06-26 10:17:41.849', NULL, NULL);
INSERT INTO ASSET (asset_code, name, category_id, installed_date, specification, status, location, created_by, created_on, updated_by, updated_on) VALUES('MN000037', 'Monitor Dell UltraSharp', 3, '2024-06-26', 'Monitor Dell UltraSharpMonitor Dell UltraSharpMonitor Dell UltraSharpMonitor Dell UltraSharpMonitor Dell UltraSharpMonitor Dell UltraSharp', 'AVAILABLE', 'HCM', 15, '2024-06-26 10:17:41.973', NULL, NULL);
INSERT INTO ASSET (asset_code, name, category_id, installed_date, specification, status, location, created_by, created_on, updated_by, updated_on) VALUES('MN000038', 'Monitor Dell UltraSharp', 3, '2024-06-26', 'Monitor Dell UltraSharpMonitor Dell UltraSharpMonitor Dell UltraSharpMonitor Dell UltraSharpMonitor Dell UltraSharpMonitor Dell UltraSharp', 'AVAILABLE', 'HCM', 15, '2024-06-26 10:17:42.135', NULL, NULL);
INSERT INTO ASSET (asset_code, name, category_id, installed_date, specification, status, location, created_by, created_on, updated_by, updated_on) VALUES('MN000039', 'Monitor Dell UltraSharp', 3, '2024-06-26', 'Monitor Dell UltraSharpMonitor Dell UltraSharpMonitor Dell UltraSharpMonitor Dell UltraSharpMonitor Dell UltraSharpMonitor Dell UltraSharp', 'AVAILABLE', 'HCM', 15, '2024-06-26 10:17:42.292', NULL, NULL);
INSERT INTO ASSET (asset_code, name, category_id, installed_date, specification, status, location, created_by, created_on, updated_by, updated_on) VALUES('MN000040', 'Monitor Dell UltraSharp', 3, '2024-06-26', 'Monitor Dell UltraSharpMonitor Dell UltraSharpMonitor Dell UltraSharpMonitor Dell UltraSharpMonitor Dell UltraSharpMonitor Dell UltraSharp', 'AVAILABLE', 'HCM', 15, '2024-06-26 10:17:42.437', NULL, NULL);
INSERT INTO ASSET (asset_code, name, category_id, installed_date, specification, status, location, created_by, created_on, updated_by, updated_on) VALUES('MN000041', 'Monitor Dell UltraSharp', 3, '2024-06-26', 'Monitor Dell UltraSharpMonitor Dell UltraSharpMonitor Dell UltraSharpMonitor Dell UltraSharpMonitor Dell UltraSharpMonitor Dell UltraSharp', 'AVAILABLE', 'HCM', 15, '2024-06-26 10:17:42.587', NULL, NULL);
INSERT INTO ASSET (asset_code, name, category_id, installed_date, specification, status, location, created_by, created_on, updated_by, updated_on) VALUES('MN000042', 'Monitor Dell UltraSharp', 3, '2024-06-26', 'Monitor Dell UltraSharpMonitor Dell UltraSharpMonitor Dell UltraSharpMonitor Dell UltraSharpMonitor Dell UltraSharpMonitor Dell UltraSharp', 'AVAILABLE', 'HCM', 15, '2024-06-26 10:17:42.709', NULL, NULL);
INSERT INTO ASSET (asset_code, name, category_id, installed_date, specification, status, location, created_by, created_on, updated_by, updated_on) VALUES('LP000044', 'HP NoteBook', 5, '2024-05-28', 'Hp Notebook', 'ASSIGNED', 'HCM', 15, '2024-06-26 11:55:01.132', NULL, NULL);
INSERT INTO ASSET (asset_code, name, category_id, installed_date, specification, status, location, created_by, created_on, updated_by, updated_on) VALUES('MB000047', 'Samsung S24', 9, '2024-06-05', 'AAAAAAAAAAAAAAAAAAAAAAAAAAAAAAAAA', 'NOT_AVAILABLE', 'HCM', 15, '2024-06-26 12:31:20.467', NULL, NULL);
INSERT INTO ASSET (asset_code, name, category_id, installed_date, specification, status, location, created_by, created_on, updated_by, updated_on) VALUES('MB000048', 'Laptop HP Probook 450 G1', 9, '2024-06-28', '111111111111111111111111111111111111111111111111111111111111111111111111111111111111111111111111111111111111111111111111111111111111111111111111111111111111111111', 'AVAILABLE', 'HCM', 15, '2024-06-28 10:56:18.583', NULL, NULL);
INSERT INTO ASSET (asset_code, name, category_id, installed_date, specification, status, location, created_by, created_on, updated_by, updated_on) VALUES('AS000049', 'Laptop HP Probook 450', 4, '2024-06-28', 'aas', 'WAITING_FOR_RECYCLING', 'HCM', 15, '2024-06-28 10:57:12.596', 1, '2024-07-01 09:39:19.309');
INSERT INTO ASSET (asset_code, name, category_id, installed_date, specification, status, location, created_by, created_on, updated_by, updated_on) VALUES('HS000053', 'HP NoteBook', 7, '2024-07-04', 'a', 'AVAILABLE', 'HCM', 15, '2024-07-04 10:14:34.857', NULL, NULL);
INSERT INTO ASSET (asset_code, name, category_id, installed_date, specification, status, location, created_by, created_on, updated_by, updated_on) VALUES('HS000054', 'HP NoteBook', 7, '2024-07-04', 'a', 'AVAILABLE', 'HCM', 15, '2024-07-04 10:17:16.924', NULL, NULL);
INSERT INTO ASSET (asset_code, name, category_id, installed_date, specification, status, location, created_by, created_on, updated_by, updated_on) VALUES('IN000055', 'Samsung S24', 8, '2024-07-04', 'A', 'AVAILABLE', 'HCM', 15, '2024-07-04 10:19:28.049', NULL, NULL);
INSERT INTO ASSET (asset_code, name, category_id, installed_date, specification, status, location, created_by, created_on, updated_by, updated_on) VALUES('MB000056', 'Samsung S24', 9, '2024-07-04', 'A', 'AVAILABLE', 'HCM', 15, '2024-07-04 10:20:16.222', NULL, NULL);
INSERT INTO ASSET (asset_code, name, category_id, installed_date, specification, status, location, created_by, created_on, updated_by, updated_on) VALUES('IN000060', 'Samsung S24', 8, '2024-07-04', 'A', 'AVAILABLE', 'HCM', 15, '2024-07-04 16:30:14.566', NULL, NULL);
INSERT INTO ASSET (asset_code, name, category_id, installed_date, specification, status, location, created_by, created_on, updated_by, updated_on) VALUES('HS000063', 'Laptop HP Probook 450 G1', 7, '2024-07-04', 'asdasdasdasd', 'AVAILABLE', 'HCM', 15, '2024-07-04 16:43:51.832', NULL, NULL);
INSERT INTO ASSET (asset_code, name, category_id, installed_date, specification, status, location, created_by, created_on, updated_by, updated_on) VALUES('IN000064', 'Samsung S24', 8, '2024-07-04', 'asdSDAS', 'AVAILABLE', 'HCM', 15, '2024-07-04 16:45:23.398', NULL, NULL);
INSERT INTO ASSET (asset_code, name, category_id, installed_date, specification, status, location, created_by, created_on, updated_by, updated_on) VALUES('CR000065', 'Laptop HP Probook 450 G1', 6, '2024-07-05', 'hjgfd', 'ASSIGNED', 'HCM', 15, '2024-07-05 09:49:43.445', 15, '2024-07-09 10:01:49.148');
INSERT INTO ASSET (asset_code, name, category_id, installed_date, specification, status, location, created_by, created_on, updated_by, updated_on) VALUES('MB000066', 'HP NoteBook', 9, '2024-07-08', 'aaaaaaaaaaaaaaaaaaa', 'AVAILABLE', 'HCM', 15, '2024-07-08 16:10:12.923', 15, '2024-07-08 16:10:19.386');
INSERT INTO ASSIGNMENT (asset_id, assigned_date, assignee_id, note, status, created_by, created_on, updated_by, updated_on) VALUES(1, '2024-06-26', 1, 'Note', 'INACTIVE', 1, '2024-06-26 13:25:45.268', 1, '2024-07-01 09:55:35.804');
INSERT INTO ASSIGNMENT (asset_id, assigned_date, assignee_id, note, status, created_by, created_on, updated_by, updated_on) VALUES(2, '2024-06-26', 15, 'Note', 'DECLINED', 1, '2024-06-26 13:25:52.523', 1, '2024-06-28 17:23:24.235');
INSERT INTO ASSIGNMENT (asset_id, assigned_date, assignee_id, note, status, created_by, created_on, updated_by, updated_on) VALUES(3, '2024-06-27', 15, 'Note', 'DECLINED', 1, '2024-06-27 15:34:07.758', 1, '2024-06-27 15:34:07.758');
INSERT INTO ASSIGNMENT (asset_id, assigned_date, assignee_id, note, status, created_by, created_on, updated_by, updated_on) VALUES(4, '2024-06-27', 15, 'Note', 'DECLINED', 1, '2024-06-27 15:38:55.639', 1, '2024-06-27 15:38:55.639');
INSERT INTO ASSIGNMENT (asset_id, assigned_date, assignee_id, note, status, created_by, created_on, updated_by, updated_on) VALUES(4, '2024-06-27', 15, 'Note', 'INACTIVE', 1, '2024-06-27 15:38:55.972', 1, '2024-06-28 17:28:48.235');
INSERT INTO ASSIGNMENT (asset_id, assigned_date, assignee_id, note, status, created_by, created_on, updated_by, updated_on) VALUES(5, '2024-06-27', 15, 'Note', 'ACCEPTED', 1, '2024-06-27 15:38:56.323', 1, '2024-06-27 15:38:56.323');
INSERT INTO ASSIGNMENT (asset_id, assigned_date, assignee_id, note, status, created_by, created_on, updated_by, updated_on) VALUES(6, '2024-06-27', 15, 'Note', 'ACCEPTED', 1, '2024-06-27 17:59:41.005', 1, '2024-06-27 17:59:41.005');
INSERT INTO ASSIGNMENT (asset_id, assigned_date, assignee_id, note, status, created_by, created_on, updated_by, updated_on) VALUES(7, '2024-06-27', 15, 'Note', 'ACCEPTED', 1, '2024-06-27 17:59:41.658', 1, '2024-06-27 17:59:41.658');
INSERT INTO ASSIGNMENT (asset_id, assigned_date, assignee_id, note, status, created_by, created_on, updated_by, updated_on) VALUES(8, '2024-06-27', 15, 'Note', 'ACCEPTED', 1, '2024-06-27 17:59:42.047', 1, '2024-06-27 17:59:42.047');
INSERT INTO ASSIGNMENT (asset_id, assigned_date, assignee_id, note, status, created_by, created_on, updated_by, updated_on) VALUES(9, '2024-06-27', 15, 'Note', 'ACCEPTED', 1, '2024-06-27 17:59:42.328', 1, '2024-06-27 17:59:42.328');
INSERT INTO ASSIGNMENT (asset_id, assigned_date, assignee_id, note, status, created_by, created_on, updated_by, updated_on) VALUES(10, '2024-06-27', 15, 'Note', 'ACCEPTED', 1, '2024-06-27 17:59:42.328', 1, '2024-06-27 17:59:42.328');
INSERT INTO ASSIGNMENT (asset_id, assigned_date, assignee_id, note, status, created_by, created_on, updated_by, updated_on) VALUES(11, '2024-06-27', 15, 'Note', 'INACTIVE', 1, '2024-06-27 17:59:42.644', 15, '2024-07-03 17:23:43.393');
INSERT INTO ASSIGNMENT (asset_id, assigned_date, assignee_id, note, status, created_by, created_on, updated_by, updated_on) VALUES(12, '2024-06-27', 15, 'Note', 'ACCEPTED', 1, '2024-06-27 17:59:42.965', 1, '2024-06-27 17:59:42.965');
INSERT INTO ASSIGNMENT (asset_id, assigned_date, assignee_id, note, status, created_by, created_on, updated_by, updated_on) VALUES(13, '2024-06-27', 15, 'Note', 'WAITING_FOR_ACCEPTANCE', 1, '2024-06-27 17:59:43.272', 15, '2024-07-08 17:02:33.560');
INSERT INTO ASSIGNMENT (asset_id, assigned_date, assignee_id, note, status, created_by, created_on, updated_by, updated_on) VALUES(14, '2024-06-27', 15, 'Note', 'WAITING_FOR_ACCEPTANCE', 1, '2024-06-27 17:59:43.611', 1, '2024-06-27 17:59:43.611');
INSERT INTO ASSIGNMENT (asset_id, assigned_date, assignee_id, note, status, created_by, created_on, updated_by, updated_on) VALUES(15, '2024-06-27', 15, 'Note', 'WAITING_FOR_ACCEPTANCE', 1, '2024-06-27 17:59:43.958', 1, '2024-06-27 17:59:43.958');
INSERT INTO ASSIGNMENT (asset_id, assigned_date, assignee_id, note, status, created_by, created_on, updated_by, updated_on) VALUES(16, '2024-06-27', 15, 'Note', 'WAITING_FOR_ACCEPTANCE', 1, '2024-06-27 17:59:44.299', 1, '2024-06-27 17:59:44.299');
INSERT INTO ASSIGNMENT (asset_id, assigned_date, assignee_id, note, status, created_by, created_on, updated_by, updated_on) VALUES(17, '2024-06-27', 15, 'Note', 'WAITING_FOR_ACCEPTANCE', 1, '2024-06-27 17:59:44.664', 1, '2024-06-27 17:59:44.664');
INSERT INTO ASSIGNMENT (asset_id, assigned_date, assignee_id, note, status, created_by, created_on, updated_by, updated_on) VALUES(18, '2024-06-27', 15, 'Note', 'WAITING_FOR_ACCEPTANCE', 1, '2024-06-27 17:59:45.022', 1, '2024-06-27 17:59:45.022');
INSERT INTO ASSIGNMENT (asset_id, assigned_date, assignee_id, note, status, created_by, created_on, updated_by, updated_on) VALUES(19, '2024-06-27', 15, 'Note', 'WAITING_FOR_ACCEPTANCE', 1, '2024-06-27 17:59:45.371', 1, '2024-06-27 17:59:45.371');
INSERT INTO ASSIGNMENT (asset_id, assigned_date, assignee_id, note, status, created_by, created_on, updated_by, updated_on) VALUES(20, '2024-06-27', 15, 'Note', 'WAITING_FOR_ACCEPTANCE', 1, '2024-06-27 17:59:45.746', 1, '2024-06-27 17:59:45.746');
INSERT INTO ASSIGNMENT (asset_id, assigned_date, assignee_id, note, status, created_by, created_on, updated_by, updated_on) VALUES(21, '2024-07-02', 15, 'Note', 'WAITING_FOR_ACCEPTANCE', 1, '2024-07-02 13:17:14.611', 1, '2024-07-02 13:17:14.611');
INSERT INTO ASSIGNMENT (asset_id, assigned_date, assignee_id, note, status, created_by, created_on, updated_by, updated_on) VALUES(22, '2024-07-09', 15, '', 'WAITING_FOR_ACCEPTANCE', 1, '2024-07-09 10:01:49.094', NULL, NULL);
INSERT INTO RETURN_REQUEST (assignment_id, requested_by, returned_date, accepted_by, status, created_by, created_on, updated_by, updated_on) VALUES(1, 1, '2024-07-01', 15, 'COMPLETED', 1, '2024-07-01 10:58:41.036', 15, '2024-07-01 10:58:41.036');
INSERT INTO RETURN_REQUEST (assignment_id, requested_by, returned_date, accepted_by, status, created_by, created_on, updated_by, updated_on) VALUES(2, 15, '2024-06-01', 15, 'COMPLETED', 15, '2024-07-01 10:58:42.797', 15, '2024-07-01 10:58:42.797');
INSERT INTO RETURN_REQUEST (assignment_id, requested_by, returned_date, accepted_by, status, created_by, created_on, updated_by, updated_on) VALUES(3, 15, '2024-05-01', 15, 'COMPLETED', 15, '2024-07-01 10:58:44.196', 15, '2024-07-01 10:58:44.196');
INSERT INTO RETURN_REQUEST (assignment_id, requested_by, returned_date, accepted_by, status, created_by, created_on, updated_by, updated_on) VALUES(4, 1, '2024-04-01', 15, 'COMPLETED', 15, '2024-07-01 10:58:45.492', 15, '2024-07-01 10:58:45.492');
INSERT INTO RETURN_REQUEST (assignment_id, requested_by, returned_date, accepted_by, status, created_by, created_on, updated_by, updated_on) VALUES(5, 1, '2024-07-01', 15, 'COMPLETED', 15, '2024-07-01 10:58:47.055', 15, '2024-07-01 10:58:47.055');
INSERT INTO RETURN_REQUEST (assignment_id, requested_by, returned_date, accepted_by, status, created_by, created_on, updated_by, updated_on) VALUES(6, 15, '2024-07-01', 15, 'COMPLETED', 15, '2024-07-01 10:58:48.429', 15, '2024-07-01 10:58:48.429');
INSERT INTO RETURN_REQUEST (assignment_id, requested_by, returned_date, accepted_by, status, created_by, created_on, updated_by, updated_on) VALUES(7, 15, NULL, NULL, 'WAITING_FOR_RETURNING', 15, '2024-07-01 10:58:50.845', 15, '2024-07-01 10:58:50.845');
INSERT INTO RETURN_REQUEST (assignment_id, requested_by, returned_date, accepted_by, status, created_by, created_on, updated_by, updated_on) VALUES(8, 1, NULL, NULL, 'WAITING_FOR_RETURNING', 1, '2024-07-01 10:58:55.438', 15, '2024-07-01 10:58:55.438');
INSERT INTO RETURN_REQUEST (assignment_id, requested_by, returned_date, accepted_by, status, created_by, created_on, updated_by, updated_on) VALUES(9, 1, NULL, NULL, 'WAITING_FOR_RETURNING', 1, '2024-07-01 10:58:57.047', 15, '2024-07-01 10:58:57.047');
INSERT INTO RETURN_REQUEST (assignment_id, requested_by, returned_date, accepted_by, status, created_by, created_on, updated_by, updated_on) VALUES(10, 15, NULL, NULL, 'WAITING_FOR_RETURNING', 1, '2024-07-01 13:35:46.117', 1, '2024-07-01 13:35:46.117');
INSERT INTO RETURN_REQUEST (assignment_id, requested_by, returned_date, accepted_by, status, created_by, created_on, updated_by, updated_on) VALUES(11, 1, NULL, NULL, 'WAITING_FOR_RETURNING', 1, '2024-07-01 13:35:48.554', 15, '2024-07-03 17:23:43.393');
INSERT INTO RETURN_REQUEST (assignment_id, requested_by, returned_date, accepted_by, status, created_by, created_on, updated_by, updated_on) VALUES(12, 15, NULL, NULL, 'WAITING_FOR_RETURNING', 1, '2024-07-01 13:35:50.839', 15, '2024-07-08 17:02:33.560');
INSERT INTO TOKEN (user_id, status, token) VALUES (1, NULL, 'eyJhbGciOiJIUzI1NiJ9.eyJzdWIiOiJ0aGFuaHB0IiwiaWF0IjoxNzE5ODAyMDc4LCJleHAiOjE3MTk4ODg0Nzh9.Hwx1Z8jGN7v0Lkhxe0snQ5SmRs-hEWLjgjPfh4JQoos');
INSERT INTO TOKEN (user_id, status, token) VALUES (15, NULL, 'eyJhbGciOiJIUzI1NiJ9.eyJzdWIiOiJuaGF0dCIsImlhdCI6MTcyMDUyMDU1MywiZXhwIjoxNzIwNjA2OTUzfQ.olOsu1oPXr37ZQ8dxJmqN3RTY-OHsgZoUH67G6leJGs');
